Finding ID,Title,Severity,Likelihood,Impact,Score,Primary Control,Related Controls,Related Risks,POA&M ID,Source,Related Items (AR-EX / VR / EVID),Date Identified,Owner,Status,Condition,Criteria,Cause,Effect,Recommendation,Management Response,Challenge Record
FIND-001,Terminated workforce retained active access,High,4,4,16,AC-2(3),AC-2(3); AC-2; AC-2(1); PS-4; PS-7,RISK-002,POAM-001,Control test + access review,AR-EX-01; AR-EX-02; AR-EX-03; AR-EX-04; VR-007; EVID-003; EVID-004; EVID-007; EVID-078,2026-07-06,Nadia Rahman (IAM Engineer),Closed,"2 of 19 workers terminated in H1 2026 were still enabled in Okta at the 2026-06-30 snapshot, and 1 more was disabled 9 days late. A terminated contractor signed in 4 days after the contract ended (INC-2026-0117). A local AWS IAM user with AdministratorAccess belonging to an employee terminated 2026-03-27 was still active 95 days later. A former employee still had a Quarrystone portal account (local authentication).",SHCA CSA §3.3 and ACP-002 §5.3 require disabling within 24 hours. HIPAA 164.308(a)(3)(ii)(C) requires termination procedures. The vendor SOC 2 CUEC requires Wrenfield to manage its portal users.,"De-provisioning depended on IT manually creating a ticket from an HR email, with no automated HR trigger (AC-2(1)). The offboarding checklist covered only Okta, not local accounts (AWS IAM users, wf-sftp-01, the vendor portal). Contract end dates were not enforced.","Former workers could reach PHI systems (AWS admin) or financial systems (Ledgerline AP) after separation. One post-termination sign-in required a HIPAA breach risk assessment (outcome, low probability of compromise).",Automate HR-driven de-provisioning or daily reconciliation with auto-ticketing. Eliminate or register all local accounts. Set expiry dates on contractor accounts. Add vendor portals to the JML checklist and pursue SSO for them.,Agree. The CISO committed to automated reconciliation by 2026-08-21 and local-account cleanup by 2026-07-10.,
FIND-002,MFA not enforced for all workforce and privileged accounts,High,4,4,16,IA-2(1),IA-2(1); IA-2(2),RISK-003,POAM-002,Control test + access review,AR-EX-11; EVID-010; EVID-011; EVID-007; EVID-063; EVID-064,2026-06-30,Nadia Rahman (IAM Engineer),Closed,"An Okta policy created in 2023 as a ""temporary"" workaround exempted the MFA-Exempt-Legacy group (11 accounts, 9 human) from MFA. One member was an Okta Super Administrator. None of the exemptions had approval or an expiry date. In AWS, the IAM user mfeld-admin (AdministratorAccess) had a console password and no MFA.",SHCA CSA §3.2 requires MFA for all privileged and remote access. HIPAA 164.312(d) requires person or entity authentication. ACP-002 §6.1 limits exceptions to 30 days with CISO approval.,"Exceptions were granted by help desk and IT without a workflow, an expiry, or review. Legacy IAM users bypass the Okta policy entirely.",Password-only access to an identity administrator account put every downstream system at risk from a single phished password. This is the exact MFA concern raised in the Lakemont review.,"Remove the exemption policy and group. Enroll all members, with accommodation alternatives such as hardware keys. Convert service users to non-interactive integrations. Require phishing-resistant MFA for admin apps. Remove IAM users other than break-glass. Implement a time-bound exception workflow.",Agree. Target 2026-09-05.,
FIND-003,Excessive privileged access and administration from daily-use accounts,High,3,5,15,AC-6(5),AC-6(5); AC-6; AC-6(2),RISK-001,POAM-003,Access review,AR-EX-05; AR-EX-06; AR-EX-07; AR-EX-08; AR-EX-09; AR-EX-10; EVID-016; EVID-017; EVID-071; EVID-075; EVID-076; EVID-077,2026-07-10,"Tomasz Wierzbicki (Director, Platform Engineering)",In Progress,"Production AWS AdministratorAccess was held by 2 engineers outside the SRE role, including a 2024 'temporary' migration grant. GitHub had 5 organization owners against an approved maximum of 3. An IT Manager held Okta Super Administrator. A Data Engineer had write access to the PHI primary database. 2 of 3 authorized SRE admins used their email and browsing accounts for production administration, contrary to ACP-002 §5.4.",AC-6 and AC-6(5) least privilege. ACP-002 §5.4 separate admin accounts. SOC 2 CC6.3 commitment.,"Privileged grants have no expiry, and no privileged-access review existed before this assessment. The separate-admin-account policy (2025-07) was never rolled out.","A compromised daily account, which is exposed to phishing and browsing, could immediately act as a production administrator over all PHI.","Remove excess grants. Issue -adm accounts with phishing-resistant MFA. Introduce just-in-time (JIT), approval-gated elevation with automatic expiry for AWS admin. Enforce the GitHub owner cap.",Agree. Engineering initially disputed the Data Engineer's need; resolved with time-boxed elevation. Target 2026-11-05.,
FIND-004,Access recertification incomplete and ineffective (access creep),Moderate,3,3,9,AC-6(7),AC-6(7); AC-2; PS-5,RISK-004,POAM-004,Control test + access review,AR-EX-12; AR-EX-13; AR-EX-14; EVID-008; EVID-009; EVID-044; EVID-074,2026-07-10,Alicia Moreno (CISO),In Progress,"Quarterly Okta certifications cover app assignments only. AWS, GitHub, database, and local accounts were never reviewed. In the Q1 campaign, 412 of 412 items were approved and 17 of 23 reviewers finished in under 5 minutes. The campaign approved a duplicate account (rgupta2) and a transferred user's prior-role PHI access, which that user used after the transfer. One user kept production access unused for 240 days.",SHCA CSA §3.3 requires quarterly privileged recertification. HIPAA 164.308(a)(4)(ii)(C). AC-6(7). PS-5.,Campaign scope is limited to what the Okta certification feature can see. Reviewers get no usage data or risk flags. Transfers do not trigger an access re-baseline.,"Access accumulates beyond need, which undermines least privilege and raises insider and compromise impact.",Expand campaigns to all privileged and PHI entitlements across the 9 systems. Give reviewers last-used dates and role-baseline deviations (the review engine output). Require a rationale for approving flagged items. Add a transfer-triggered re-certification.,Agree. The Q3 campaign is being run on the new design; its results are due 2026-09-30.,
FIND-005,"Service and shared accounts lack ownership, credential rotation, and individual accountability",Moderate,3,3,9,IA-5,IA-5; AC-2,RISK-017,POAM-005,Access review,AR-EX-18; AR-EX-19; AR-EX-20; EVID-013; EVID-065,2026-07-09,Nadia Rahman (IAM Engineer),Closed,"Of 13 non-human accounts: 2 had no documented owner (svc-quarrystone-sftp, whose SSH key was 811 days old and which pushes the nightly PHI extract; svc-reporting-etl, an IAM user with a 539-day static access key created by a now-terminated employee). The MDR vendor used a single shared login to the EDR console, so containment actions could not be attributed to individual analysts.",IA-5 (refresh authenticators; the Wrenfield standard is 365 days). AC-2 (account managers for every account). ACP-002 §4.2 (no shared accounts).,The service-account register had no owner or rotation fields. Vendor access was set up for convenience during MDR onboarding.,"Long-lived secrets increase the chance of undetected credential theft, and orphaned accounts are not monitored by anyone.","Assign owners. Rotate or federate credentials (IAM roles, OIDC). Replace the shared vendor login with named federated accounts. Add owner and rotation fields and quarterly attestation to the register.",Agree. Target 2026-09-12.,
FIND-006,Contractor access not bound to engagement term and scope,Moderate,2,4,8,PS-7,PS-7; AC-2,RISK-002; RISK-004,POAM-006,Access review,AR-EX-15; AR-EX-16; EVID-045; EVID-066,2026-07-08,Sofia Ricci (Engineering Manager),Closed,One contractor remained active 22 days past the recorded contract end date while working under an extension that had not been documented. The same contractor had PHI production database access that the QA SOW did not require (QA uses staging with synthetic data).,PS-7 (external personnel requirements and monitoring). ACP-002 §5.3 (contractor end dates enforced). Minimum necessary (HIPAA 164.502(b)).,"Contractor end dates were not enforced in Okta, and access requests were not checked against SOW scope.","Contractor access can outlive or exceed the engagement, which increases PHI exposure through third-party personnel.",Set Okta account expiry equal to the SOW end date. Require SOW scope on contractor access requests. Send a monthly contractor roster to sponsors.,Agree. Target 2026-09-10.,
FIND-007,Segregation-of-duties conflict in vendor payment process,Moderate,2,3,6,AC-5,AC-5,RISK-013,POAM-007,Access review,AR-EX-17; EVID-014; EVID-015; EVID-060,2026-07-10,Laura Brenneman (Controller),Risk Accepted,"The Senior Accountant can both maintain vendor master data (including bank details) and approve payments up to $25,000 (SOD-01). A compensating control, a monthly vendor-master change report reviewed by the Controller, operated 6 of 6 months, but it was never formally documented as a risk decision.",AC-5. Wrenfield internal-control policy (Board-approved) on payment SoD.,The finance team shrank to three people after the AP Specialist left in 2026-05. Duties were consolidated temporarily.,"A single person could create or alter a vendor and approve payment to it, up to $25,000 per transaction.","Formally accept the risk with the compensating control and an expiry date, and redesign roles when the AP role is backfilled. Keep the callback verification of bank-detail changes.","Agree. RACC-001 signed by the CFO (risk owner) with CISO concurrence on 2026-08-12, expiring 2027-03-31.",
FIND-008,Audit log retention below the 12-month contractual requirement,Moderate,3,3,9,AU-11,AU-11,RISK-005,POAM-008,Control test,EVID-024; EVID-067,2026-06-25,Owen Castillo (Security Engineer),Closed,CloudTrail logs expired after 180 days. Application audit logs recording PHI access (who viewed which patient) were kept 90 days. SIEM hot retention was 90 days.,SHCA CSA §4.1 requires 12 months (90 days searchable). HIPAA 164.312(b) audit controls. Customers' breach investigations need historical PHI-access records.,"Retention was set in 2022 for cost reasons, before contractual requirements existed, and was never revisited.","If a breach were discovered late, which is common, Wrenfield could not show which patients' records were accessed. That could force broader breach notifications than necessary and would breach the SHCA contract.",Extend retention to 400 days via lifecycle tiering. Archive application audit logs to the log-archive account. Keep 90 days searchable in the SIEM. Add a quarterly oldest-record check.,Agree. Target 2026-09-15.,
FIND-009,Privileged-activity log reviews not consistently performed or documented,Moderate,3,3,9,AU-6,AU-6,RISK-005,POAM-009,Control test,EVID-022; EVID-072,2026-06-26,Owen Castillo (Security Engineer),In Progress,"The weekly privileged-activity review was performed in 19 of 26 weeks and fully effective in 17 of 26 (65%). Missed weeks coincided with a SIEM migration and reviewer PTO. Two reviews were marked ""Reviewed"" with flagged items left undispositioned. The review scope excluded local AWS IAM users.",AU-6. LMS-004 §6 weekly review. HIPAA 164.308(a)(1)(ii)(D) information system activity review.,"The review depends on one person with no backup reviewer, no escalation when a week is missed, and a report scope defined before local IAM users were known.","Misuse of privileged access, such as an admin creating a backdoor account, could go unnoticed for weeks.",Name a backup reviewer (the MDR under an SOW change). Auto-create the weekly ticket with escalation after 5 business days. Expand scope to all privileged principals. Require a disposition per flagged item.,Agree. Committed 2026-09-15; the MDR SOW change was delayed in procurement.,
FIND-010,Vulnerability remediation exceeds contractual SLAs,High,3,4,12,SI-2,SI-2,RISK-006,POAM-010,Control test,EVID-048; OBS-02; OBS-04,2026-06-29,Grace Lindqvist (VP Engineering),In Progress,"14 of 61 (23%) Critical and High vulnerabilities in H1 exceeded SLA. 6 remained open past SLA at 2026-06-30, including 2 Critical in the notify-worker container (end-of-life Node.js 16 and OpenSSL 1.1.1). 4 of the 6 are on unsupported hosts where no patch exists. No risk exceptions were filed. Engineering asserts the 2 Critical items are unreachable.","SHCA CSA §7.1 (Critical 15 days, High 30 days). VM-003 §5 SLAs and §7 exception process.","End-of-life runtimes block patching, and the exception process is not used. Remediation work competes with feature work without SLA visibility. 7% of resources are untagged, which delays scan scoping.","Known exploitable weaknesses stay open longer than allowed, which increases the chance of compromise and breaches the contract.",Upgrade the notify-worker runtime. File documented exceptions with reachability analysis where they are justified. Add SLA dashboards to engineering planning. Enforce tag policy. Consider SI-2(7) root-cause analysis (new in Release 5.2.0) for repeat SLA misses.,Partially agree. Engineering disputes the 2 Critical ratings (no network-reachable path) but agrees the exception process must be used. Target 2026-11-05.,"Assessor position: exploitability may justify an exception, but only through the documented VM-003 §7 process with evidence (reachability analysis, compensating controls, CISO approval, and an expiry). An assertion in a meeting is not evidence. The determination stands. Management accepted this approach, and an exception request with reachability analysis is milestone M1."
FIND-011,Unsupported software components in the PHI data path,High,3,4,12,SA-22,SA-22,RISK-007,POAM-011,Control test,EVID-052; EVID-048; VR-012,2026-06-26,"Tomasz Wierzbicki (Director, Platform Engineering)",Delayed,"Three components are past vendor or community support: wf-sftp-01 (Windows Server 2012 R2, which pushes the nightly full-PHI extract to Quarrystone and receives 4 customer file drops), legacy-reports (PostgreSQL 11, which holds a PHI extract for monthly outcome reports), and notify-worker (Node.js 16). No SHCA-approved exception exists.",SHCA CSA §7.4 (supported software only). SA-22.,"Legacy integration components were never included in the platform modernization, and there is no lifecycle review of non-IaC assets.",Security flaws in these components will never be patched. They account for 4 of the 6 open past-SLA vulnerabilities.,"Avoid the risk: replace wf-sftp-01 with a managed transfer service (encrypted, IaC-managed), migrate legacy-reports to the supported Aurora replica, and upgrade notify-worker. Keep compensating controls until then (EDR, allowlist, weekly scans, SSM-only admin).","Agree. Target 2026-11-05. Milestone 2 (SFTP migration) slipped from 2026-09-15 because 2 of 4 customers had not completed partner-side key exchange. Revised target 2026-12-15, approved by the CTO on 2026-09-12.",
FIND-012,Internet-exposed RDP on legacy host; CSPM alert not triaged,High,4,4,16,SC-7,SC-7; CM-6,RISK-012; RISK-007,POAM-012,Control test,EVID-053; EVID-028; EVID-068; EVID-030,2026-07-02,"Tomasz Wierzbicki (Director, Platform Engineering)",Closed,"The security group for wf-sftp-01 allowed RDP (TCP 3389) from 0.0.0.0/0 for 43 days. It was added under emergency change CHG-2026-0412 for a vendor support session, never approved, and never reverted. AWS Security Hub flagged it as High the next day, but no one triaged it. No successful external RDP logons were found (Windows event 4624 logon type 10 reviewed).",SC-7 boundary protection. CM-6 deviation approval. CMP-006 emergency change rules. The Security Hub triage standard (High within 7 days).,The console change path bypasses IaC and approvals. Security Hub findings were not routed to the SRE on-call queue.,An unsupported Windows server holding PHI extracts was exposed to internet-wide RDP brute-force and exploitation.,Remove the rule (done within 24h). Route Security Hub High findings to on-call with an SLA. Add an SCP or guardrail that blocks 0.0.0.0/0 on admin ports. Tie emergency changes to automatic revert.,Agree. Remediated 2026-07-03 and validated 2026-07-10.,
FIND-013,Backup restoration never tested,Moderate,2,4,8,CP-9(1),CP-9(1),RISK-008,POAM-013,Control test,EVID-035; EVID-069,2026-06-26,"Tomasz Wierzbicki (Director, Platform Engineering)",Closed,"Backups are taken, protected, and copied cross-region (CP-9 satisfied), but no restore of the PHI database had ever been performed or documented. Backup job success was treated as proof of recoverability.",CP-9(1). SHCA CSA §8.1 (tested restoration annually). HIPAA 164.308(a)(7)(ii)(D).,Recovery was assumed rather than tested. There was no scheduled restore exercise in the BC/DR plan.,"In a ransomware or corruption event, recovery time and completeness were unknown. RTO and RPO were promises, not demonstrated capabilities.","Perform and document a restore from the DR vault into an isolated account, with timings and integrity checks. Schedule it semi-annually.",Agree. Target 2026-09-01.,
FIND-014,Incident response and contingency plans not tested within 12 months,Moderate,3,3,9,IR-3,IR-3; CP-4,RISK-009; RISK-008,POAM-014,Control test,EVID-033; EVID-037; OBS-03,2026-06-26,Owen Castillo (Security Engineer),In Progress,"The last IR tabletop was 2024-09-18, 21 months before fieldwork. There has been no plan-level contingency test (only 2024 engineering failover notes). The SHCA 24-hour incident-reporting path and the IR contact roster (2 departed staff) have never been exercised or validated.","IR-3, CP-4, IRP-005 and BCP-003 (annual testing), SHCA CSA §5.2 and §8.1.","Exercises were deferred twice for delivery priorities, with no escalation.","Roles, decision rights, and notification timelines are untested. Real incidents were handled well (IR-4), but a major ransomware event would test untested paths.","Run a combined ransomware tabletop (IR + CP) including MDR, Legal/Privacy, Customer Ops, and executives. Update IRP-005 with the SHCA 24h step and the current roster. Track after-action items in the POA&M.",Agree. Tabletop scheduled 2026-10-14. Target 2026-11-15.,
FIND-015,Third-party risk monitoring incomplete; no C-SCRM plan,Moderate,3,3,9,SR-6,SR-6; SA-9; SR-2,RISK-011; RISK-010,POAM-015,Control test (vendor program),EVID-049; EVID-059,2026-07-17,Beth Kowalski (Vendor Management Lead),In Progress,"5 of 14 Tier 1–2 vendors (36%) lack a current assessment, including Tier 1 Pulsewire Connect (last 2024-08) and Ironpeak MDR (never assessed after onboarding). No fourth-party (subcontractor) inventory exists. There is no supply chain risk management plan (outline only). 3 older contracts lack breach-notification timelines.","SA-9, SR-6 (reassess at tier frequency), SR-2, TPRM-007, SHCA CSA §6.3 subcontractor inventory.","Vendor management is one person, part time. Reassessment is spreadsheet-tracked with no reminders, and the program was not resourced as the vendor count grew.","Vendor risks can drift unnoticed, as the Quarrystone offshore access (FIND-016) shows.",Clear the overdue assessments (Tier 1 first). Build a fourth-party inventory from vendor questionnaires. Approve a C-SCRM plan aligned to SP 800-161r1-upd1 and SP 800-18r2. Add contract-renewal triggers.,"Agree. Target 2027-02-03 (Moderate SLA), with Tier 1 vendors by 2026-11-30.",
FIND-016,"Quarrystone Analytics: offshore PHI access, inadequate breach-notification terms, and excessive data sharing",High,3,5,15,SA-9,SA-9; SR-6,RISK-010,POAM-016,Vendor assessment,VR-001; VR-002; VR-003; VR-004; VR-005; VR-008; VR-010; EVID-050; EVID-051; EVID-073,2026-07-17,"Dr. Miriam Castell (VP Clinical Analytics, business owner)",In Progress,"Quarrystone receives a nightly full-PHI extract (about 410k patients). (1) An undisclosed offshore subcontractor (Pune, India) had production access to Wrenfield PHI (VR-001, rated Critical, escalated to the CEO 2026-07-17; interim suspension confirmed 2026-07-24). (2) The BAA allows 30-day breach notice, against Wrenfield's 24h SHCA and 5-business-day customer obligations (VR-002). (3) The extract includes fields not needed for scoring: full address, phone, email, free-text notes (VR-003). Supporting issues: pentest evidence stale, data return undefined, secondary-use ambiguity.",SHCA CSA §6.1 (US-only) and §6.3 (flow-down). HIPAA 164.502(b) minimum necessary and 164.314(a). 2 customer BAAs prohibit offshore access. SA-9.,The contract was signed in 2023 on the vendor's paper before TPRM-007 existed. The questionnaire relied on self-attestation. Data minimization was never designed into the extract.,Potential breach of 2 current customer BAAs and a blocking condition for SHCA. A breach at the vendor could go unreported to Wrenfield for up to 30 days.,"Conditional continuation (Mitigate + Transfer): execute the amendment (US-only access with technical enforcement, 24h notification, subcontractor approval, data return and destruction within 30 days with a certificate, log cooperation). Minimize the extract to scoring-required fields with tokenized identifiers. Obtain a current pentest and retest. Do not send SHCA data until the conditions are met.",Agree. The CEO approved conditional continuation on 2026-07-22. The amendment is in redline v3. Target 2026-11-05.,
FIND-017,System security plan outdated and overstates control implementation,Low,2,2,4,PL-2,PL-2,RISK-016,POAM-017,Control test,EVID-041; OBS-01,2026-07-14,Priya Raman (Security Compliance Manager),In Progress,"SSP v1.3 (2025-02) predates the EKS migration, the log-archive account, and the Quarrystone SFTP flow, and it states a higher implementation status than testing supports for 27 of the 61 in-scope controls.",PL-2. SHCA CSA §2.1 (current SSP expected with the assessment package).,"The SSP was maintained as a SOC 2 narrative, with no update trigger tied to architecture changes.","SHCA and customers would receive an inaccurate description of the system, a credibility and contractual risk rather than a direct technical one.",Rewrite the SSP in control-by-control form using this matrix as the source. Adopt the SP 800-18 Rev. 2 structure. Add architecture-change triggers to the change process.,Agree. Target 2026-12-15.,
FIND-018,Emergency and console changes bypass approval,Moderate,3,3,9,CM-3,CM-3,RISK-014,POAM-018,Control test,EVID-030,2026-06-29,"Tomasz Wierzbicki (Director, Platform Engineering)",In Progress,"3 of 25 sampled changes failed. CHG-2026-0412 (emergency, no approval, never reverted, which caused FIND-012). CHG-2026-0288 (retro approval after 9 business days against a standard of 2). CHG-2026-0356 (deployed 5h38m before approval was recorded). 2 of the 3 emergency changes in the sample failed.",CM-3. CMP-006 §4.3. SOC 2 CC8.1 commitment.,"The code pipeline enforces review, but the console and emergency paths rely on people remembering. No report flags emergency changes awaiting retro approval.","Unreviewed changes can introduce outages or security regressions, as FIND-012 shows.",Auto-open a retro-approval task on every emergency change with a 2-day escalation. Alert on console changes to security groups and IAM (CloudTrail + EventBridge). Require approval before the deploy job runs.,Agree. Committed 2026-09-11. Milestone 1 is done; milestones 2 and 3 are waiting on an SRE backlog slot.,
FIND-019,Security awareness training completion below 100%,Low,2,2,4,AT-2,AT-2,RISK-015,POAM-019,Control test,EVID-019; EVID-070,2026-06-26,Denise Yamamoto (Director of People),Completed – Pending Validation,"316 of 347 workforce members (91%) completed annual training. 31 were overdue, 4 of them with PHI data-store access. The policy's access-suspension step for users more than 30 days overdue was not enforced.",AT-2. HIPAA 164.308(a)(5)(i). Training policy HR-011.,"Overdue reminders went to users only, with no manager escalation or enforcement.",A small increase in phishing and data-handling risk. Mainly a compliance gap.,Enforce the suspension step via an Okta group rule. Escalate to managers at 14 days. Report completion monthly.,"Agree. Enforcement live 2026-08-20; 344 of 347 complete as of 2026-09-12, with 3 on leave.",
